date,code,open,high,low,close,preclose,volume,amount,adjustflag,turn,tradestatus,pctChg,isST
2018-11-30,sz.300752,15.2530659200,18.3048974000,15.2530659200,18.3048974000,12.7129187600,17088,511713.4000,2,0.094069,1,43.986570,0
2018-12-03,sz.300752,20.1384328800,20.1384328800,20.1384328800,20.1384328800,18.3048974000,2401,79377.0600,2,0.013218,1,10.016650,0
2018-12-04,sz.300752,22.1547127600,22.1547127600,22.1547127600,22.1547127600,20.1384328800,5733,208509.2100,2,0.031560,1,10.012090,0
2018-12-05,sz.300752,24.3720114800,24.3720114800,24.3720114800,24.3720114800,22.1547127600,14700,588147.0000,2,0.080924,1,10.008250,0
2018-12-06,sz.300752,26.8086034800,26.8086034800,26.8086034800,26.8086034800,24.3720114800,43400,1910034.0000,2,0.238917,1,9.997501,0
2018-12-07,sz.300752,29.4888546800,29.4888546800,29.4888546800,29.4888546800,26.8086034800,66300,3209583.0000,2,0.364982,1,9.997731,0
2018-12-10,sz.300752,32.4371310000,32.4371310000,32.4371310000,32.4371310000,29.4888546800,102392,5452374.0000,2,0.563668,1,9.997935,0
2018-12-11,sz.300752,35.6838898400,35.6838898400,35.6838898400,35.6838898400,32.4371310000,240700,14100206.0000,2,1.325054,1,10.009390,0
2018-12-12,sz.300752,39.2534971200,39.2534971200,39.2534971200,39.2534971200,35.6838898400,389013,25067997.7200,2,2.141517,1,10.003420,0
2018-12-13,sz.300752,43.1703187600,43.1703187600,38.7844531600,40.2037680000,39.2534971200,12748413,848175076.2100,2,70.180030,1,2.420853,0
2018-12-14,sz.300752,39.7164496000,41.0322092800,39.5946200000,40.2646828000,40.2037680000,7493889,497023028.5700,2,41.253869,1,0.151513,0
2018-12-17,sz.300752,39.7773644000,41.2941429200,39.5215222400,40.9103796800,40.2646828000,6062014,403355702.0300,2,33.371395,1,1.603639,0
2018-12-18,sz.300752,40.3255976000,40.5083420000,39.0463868000,39.4118756000,40.9103796800,4459838,290901487.2200,2,24.551414,1,-3.662904,0
2018-12-19,sz.300752,40.0758469200,40.9652030000,39.1133930800,39.5337052000,39.4118756000,4941789,325217791.9200,2,27.204555,1,0.309126,0
2018-12-20,sz.300752,38.3763240000,39.3387778400,37.7671760000,39.2230397200,39.5337052000,4357242,275907876.5900,2,23.986623,1,-0.785828,0
2018-12-21,sz.300752,39.0829356800,39.4727904000,36.3600441200,37.3529553600,39.2230397200,5508600,342982693.3600,2,30.324850,1,-4.767821,0
2018-12-24,sz.300752,37.1580280000,38.3032262400,37.0301069200,38.0656585200,37.3529553600,4017852,248547910.0300,2,22.118280,1,1.908027,0
2018-12-25,sz.300752,37.0179239600,37.0361984000,35.5011454400,36.5488800000,38.0656585200,4590707,273467904.9300,2,25.271848,1,-3.984640,0
2018-12-26,sz.300752,36.4818737200,37.2737661200,35.8179024000,37.1275706000,36.5488800000,4172670,251214411.8400,2,22.970554,1,1.583335,0
2018-12-27,sz.300752,37.5722486400,37.7367186000,36.2443060000,36.4575078000,37.1275706000,4255314,260514188.6600,2,23.425509,1,-1.804762,0
2018-12-28,sz.300752,36.4818737200,36.7316244000,34.5996064000,34.7153445200,36.4575078000,3798811,221657739.5400,2,20.912459,1,-4.778608,0
2019-01-02,sz.300752,34.4351364400,35.0260100000,33.5701462800,34.9833696400,34.7153445200,3436970,193095214.1500,2,18.920524,1,0.772063,0
2019-01-03,sz.300752,34.6178808400,34.9041804000,32.9000834800,33.0097301200,34.9833696400,3280490,182046002.3600,2,18.059102,1,-5.641654,0
2019-01-04,sz.300752,32.3762162000,34.1671113200,32.3762162000,33.9478180400,33.0097301200,3061136,168322599.8000,2,16.851558,1,2.841855,0
2019-01-07,sz.300752,33.9234521200,35.2392118000,33.8381714000,34.3559472000,33.9478180400,3739253,211326880.9800,2,20.584593,1,1.202229,0
2019-01-08,sz.300752,34.3559472000,34.9041804000,33.9965498800,34.0148243200,34.3559472000,2984349,168375065.5900,2,16.428845,1,-0.992910,0
2019-01-09,sz.300752,34.1427454000,36.1102934400,33.7467992000,35.2026629200,34.0148243200,4573517,262655931.2000,2,25.177217,1,3.492122,0
2019-01-10,sz.300752,35.1112907200,35.2696692000,34.4046790400,34.9102718800,35.2026629200,3364088,192001153.7900,2,18.519309,1,-0.830593,0
2019-01-11,sz.300752,34.8980889200,38.3093177200,34.7884422800,37.2981320400,34.9102718800,5827509,349507093.0100,2,32.080445,1,6.839990,0
2019-01-14,sz.300752,37.2250342800,38.2362199600,34.5996064000,34.5996064000,37.2981320400,4864343,286974693.9100,2,26.778215,1,-7.235016,0
2019-01-15,sz.300752,33.9904584000,34.9041804000,32.7782538800,34.3437642400,34.5996064000,4884373,270401073.7200,2,26.888480,1,-0.739433,0
2019-01-16,sz.300752,34.2950324000,35.4950539600,34.1427454000,34.3254898000,34.3437642400,3454846,197799128.1100,2,19.018932,1,-0.053215,0
2019-01-17,sz.300752,34.4290449600,35.0199185200,34.2950324000,34.5143256800,34.3254898000,2626927,149284011.4000,2,14.461237,1,0.550136,0
2019-01-18,sz.300752,34.3559472000,37.5113338400,34.3559472000,36.6280692400,34.5143256800,5591079,329230697.3200,2,30.778897,1,6.124252,0
2019-01-21,sz.300752,36.6280692400,37.1580280000,35.7021642800,36.7498988400,36.6280692400,4041463,241789346.3000,2,22.248259,1,0.332614,0
2019-01-22,sz.300752,37.4626020000,40.4230612800,37.4626020000,38.9123742400,36.7498988400,7090415,458215692.3800,2,39.032744,1,5.884302,0
2019-01-23,sz.300752,38.4372388000,42.8048299600,37.7671760000,42.8048299600,38.9123742400,8260769,547041175.4700,2,45.475544,1,10.003120,0
2019-01-24,sz.300752,41.9093824000,43.0058488000,40.0880298800,40.7398182400,42.8048299600,6702887,456054487.1800,2,36.899402,1,-4.824249,0
2019-01-25,sz.300752,40.4839760800,42.2992371200,38.9428316400,39.1012101200,40.7398182400,5914282,394205218.0000,2,32.558130,1,-4.022121,0
2019-01-28,sz.300752,39.8931025200,41.3489662400,39.2291312000,40.9712944800,39.1012101200,4602053,304264178.6100,2,25.334308,1,4.782676,0
2019-01-29,sz.300752,40.3316890800,44.3947062400,38.6078002400,42.3296945200,40.9712944800,6129434,418112506.0700,2,33.742542,1,3.315486,0
2019-01-30,sz.300752,42.1530416000,43.5236246000,40.2646828000,40.6301716000,42.3296945200,5509734,380760000.2700,2,30.331093,1,-4.014968,0
2019-01-31,sz.300752,39.5885285200,40.6910864000,37.4747849600,38.7052639200,40.6301716000,4784038,307040351.8600,2,26.336135,1,-4.737625,0
2019-02-01,sz.300752,39.0585697600,40.6789034400,39.0585697600,40.1794020800,38.7052639200,3207506,210681905.7700,2,17.657325,1,3.808622,0
2019-02-11,sz.300752,39.8017303200,42.5124389200,39.7103581200,42.0312120000,40.1794020800,3476157,236360907.1100,2,19.136249,1,4.608855,0
2019-02-12,sz.300752,41.9459312800,46.2343332000,41.2088622000,44.6505484000,42.0312120000,5829121,416286936.1800,2,32.089319,1,6.231888,0
2019-02-13,sz.300752,44.4068892000,45.7774722000,44.0474918800,44.5165358400,44.6505484000,4698253,345863904.4600,2,25.863889,1,-0.300138,0
2019-02-14,sz.300752,44.3398829200,45.1378668000,43.1825017200,44.0109430000,44.5165358400,3883299,281115297.6000,2,21.377566,1,-1.135744,0
2019-02-15,sz.300752,44.2546022000,45.0464946000,43.7368264000,44.9916712800,44.0109430000,3764052,274732720.5000,2,20.721111,1,2.228374,0
2019-02-18,sz.300752,45.2596964000,45.2596964000,43.9865770800,45.1683242000,44.9916712800,3864725,283900768.8000,2,21.275316,1,0.392636,0
2019-02-19,sz.300752,45.6251852000,46.2891565200,43.2921483600,43.6759116000,45.1683242000,4284039,314763226.5000,2,23.583640,1,-3.304119,0
2019-02-20,sz.300752,43.0667636000,43.5540820000,41.4281554800,42.8231044000,43.6759116000,3669854,256172163.1400,2,20.202551,1,-1.952572,0
2019-02-21,sz.300752,42.5002559600,43.5114416400,41.7875528000,41.9642057200,42.8231044000,3010829,209873196.2400,2,16.574618,1,-2.005695,0
2019-02-22,sz.300752,41.8362846400,42.1774075200,40.8190074800,42.0799438400,41.9642057200,2655662,181558656.6700,2,14.619423,1,0.275805,0
2019-02-25,sz.300752,42.3357860000,44.6505484000,41.8484676000,44.4738954800,42.0799438400,3801129,272132183.6300,2,20.925220,1,5.689056,0
2019-02-26,sz.300752,44.4434380800,44.8637502000,42.9449340000,43.0667636000,44.4738954800,3773976,271600306.3200,2,20.775743,1,-3.163957,0
2019-02-27,sz.300752,43.7672838000,46.2038758000,43.3713376000,44.6566398800,43.0667636000,4578972,336854354.4200,2,25.207247,1,3.691656,0
2019-02-28,sz.300752,43.9804856000,44.4678040000,42.4758900400,42.9753914000,44.6566398800,3503070,249696734.5700,2,19.284405,1,-3.764827,0
2019-03-01,sz.300752,42.9753914000,44.0718578000,42.8535618000,43.3104228000,42.9753914000,2298493,163688100.3000,2,12.653207,1,0.779582,0
2019-03-04,sz.300752,43.7368264000,45.6617340800,42.8291958800,44.6261824800,43.3104228000,3774882,273718584.7800,2,20.780730,1,3.037980,0
2019-03-05,sz.300752,44.6261824800,47.3917144000,44.3459744000,46.8495726800,44.6261824800,4547158,345909221.4600,2,25.032111,1,4.982257,0
2019-03-06,sz.300752,46.9043960000,47.0140426400,45.0769520000,46.3500713200,46.8495726800,4009852,303225276.4900,2,22.074240,1,-1.066191,0
2019-03-07,sz.300752,46.2830650400,48.8414866400,44.5165358400,46.7886578800,46.3500713200,5362697,410918792.4100,2,29.521654,1,0.946249,0
2019-03-08,sz.300752,45.0708605200,45.8444784800,42.8718362400,43.0667636000,46.7886578800,4310776,316784873.7700,2,23.730827,1,-7.954694,0
2019-03-11,sz.300752,43.0545806400,44.2606936800,43.0058488000,44.2241448000,43.0667636000,2185887,156819767.5300,2,12.033311,1,2.687414,0
2019-03-12,sz.300752,44.6444569200,45.8688444000,44.2606936800,45.3510686000,44.2241448000,3115158,231376161.2400,2,17.148949,1,2.548207,0
2019-03-13,sz.300752,45.3937089600,45.8079296000,43.1094039600,43.4870757200,45.3510686000,2775618,203829292.9300,2,15.279781,1,-4.110138,0
2019-03-14,sz.300752,43.2495080000,43.7855582400,39.6311688800,40.8433734000,43.4870757200,3016300,205075949.0000,2,16.604735,1,-6.079278,0
2019-03-15,sz.300752,40.9469285600,41.7266380000,40.7824586000,41.3489662400,40.8433734000,1803007,122378544.3500,2,9.925556,1,1.237873,0
2019-03-18,sz.300752,41.7875528000,42.1408586400,41.2454110800,42.1408586400,41.3489662400,1496305,102434166.7500,2,8.237161,1,1.915149,0
2019-03-19,sz.300752,41.8606505600,42.3236030400,41.1844962800,41.4951617600,42.1408586400,1901298,130182111.6800,2,10.466648,1,-1.532231,0
2019-03-20,sz.300752,41.5134362000,42.3296945200,41.1905877600,42.0373034800,41.4951617600,1603508,109890135.8800,2,8.827314,1,1.306517,0
2019-03-21,sz.300752,41.9885716400,42.0129375600,41.2393196000,41.5012532400,42.0373034800,1726731,118030000.3600,2,9.505656,1,-1.275185,0
2019-03-22,sz.300752,41.3002344000,41.5987169200,40.2951402000,41.0443922400,41.5012532400,1822317,122191430.4000,2,10.031857,1,-1.100837,0
2019-03-25,sz.300752,40.3073231600,41.6352658000,40.0880298800,40.8433734000,41.0443922400,1324146,89031565.4800,2,7.289425,1,-0.489751,0
2019-03-26,sz.300752,40.8738308000,41.8362846400,40.6179886400,41.5621680400,40.8433734000,1800746,122381848.3200,2,9.913109,1,1.759881,0
2019-03-27,sz.300752,41.7570954000,41.9276568400,40.7215438000,41.0443922400,41.5621680400,1171841,79087818.2500,2,6.450986,1,-1.245795,0
2019-03-28,sz.300752,40.6789034400,40.7946415600,39.0402953200,39.1743078800,41.0443922400,1885377,123764918.9400,2,10.379003,1,-4.556248,0
2019-03-29,sz.300752,39.0768442000,39.8991940000,38.3945984400,39.8504621600,39.1743078800,1494520,96467733.4800,2,8.227335,1,1.726016,0
2019-04-01,sz.300752,39.9601088000,41.2697770000,39.8382792000,41.1662218400,39.8504621600,1561001,104623522.2900,2,8.593313,1,3.301748,0
2019-04-02,sz.300752,41.2697770000,41.7692783600,41.0687581600,41.2880514400,41.1662218400,1499542,102000405.6200,2,8.254981,1,0.295941,0
2019-04-03,sz.300752,41.3002344000,42.4697985600,41.0261178000,42.0921268000,41.2880514400,1667502,114879174.2200,2,9.179601,1,1.947477,0
2019-04-04,sz.300752,42.3236030400,42.3236030400,41.6839976400,41.9398398000,42.0921268000,1393275,95825258.6900,2,7.669981,1,-0.361795,0
2019-04-08,sz.300752,42.0433949600,42.1104012400,40.2524998400,40.5692568000,41.9398398000,1478314,99927688.2800,2,8.138120,1,-3.267974,0
2019-04-09,sz.300752,37.7671760000,38.9854720000,36.5123311200,36.8839114000,40.5692568000,3313038,201382018.6400,2,18.238278,1,-9.084084,0
2019-04-10,sz.300752,36.5488800000,36.6524351600,35.8788172000,36.3417696800,36.8839114000,1358748,80824040.9600,2,7.479909,1,-1.469859,0
2019-04-11,sz.300752,36.3174037600,36.5184226000,35.5133284000,35.5742432000,36.3417696800,1158961,68395601.6000,2,6.380082,1,-2.111965,0
2019-04-12,sz.300752,35.5986091200,36.2443060000,35.5803346800,36.1285678800,35.5742432000,853801,50436787.9900,2,4.700176,1,1.558219,0
2019-04-15,sz.300752,36.5488800000,36.8412710400,35.8179024000,35.8361768400,36.1285678800,1077800,64594609.0000,2,5.933290,1,-0.809306,0
2019-04-16,sz.300752,35.6899813200,36.3174037600,35.1417481200,36.2808548800,35.8361768400,1098940,64384101.2000,2,6.049666,1,1.240863,0
2019-04-17,sz.300752,36.0006468000,36.6219777600,36.0006468000,36.2686719200,36.2808548800,846641,50634379.3400,2,4.660760,1,-0.033580,0
2019-04-18,sz.300752,36.2686719200,36.2930378400,35.6229750400,35.6717068800,36.2686719200,1002300,58872863.0000,2,5.517663,1,-1.645952,0
2019-04-19,sz.300752,35.7569876000,35.7691705600,35.2026629200,35.7508961200,35.6717068800,652600,38043948.0000,2,3.592564,1,0.221990,0
2019-04-22,sz.300752,35.7569876000,36.1468423200,35.5559687600,35.8849086800,35.7508961200,735202,43301031.9600,2,4.047288,1,0.374853,0
2019-04-23,sz.300752,35.9519149600,36.1224764000,35.5133284000,35.5864261600,35.8849086800,956974,56295084.2000,2,5.268143,1,-0.831780,0
2019-04-24,sz.300752,36.8534540000,39.0342038400,36.5488800000,37.6209804800,35.5864261600,2797320,173812808.2600,2,15.399250,1,5.717220,0
2019-04-25,sz.300752,37.7610845200,38.3458666000,36.5488800000,36.7986306800,37.6209804800,1725761,106019502.6000,2,9.500317,1,-2.185878,0
2019-04-26,sz.300752,37.1580280000,37.9377374400,36.7986306800,36.9935580400,36.7986306800,1305276,80163026.7200,2,7.185546,1,0.529713,0
2019-04-29,sz.300752,36.9874665600,37.0361984000,33.2960296800,33.2960296800,36.9935580400,1702992,94188947.9900,2,9.374973,1,-9.995060,0
2019-04-30,sz.300752,32.6442413200,32.8939920000,31.1396457600,31.4807686400,33.2960296800,1424966,75236982.2600,2,7.844440,1,-5.451883,0
2019-05-06,sz.300752,30.1528260000,30.7619740000,28.3619308800,28.4167542000,31.4807686400,1288757,62486856.7600,2,7.094609,1,-9.732970,0
2019-05-07,sz.300752,29.0868170000,29.2391040000,28.6299560000,29.0807255200,28.4167542000,870400,41346293.9400,2,4.791553,1,2.336549,0
2019-05-08,sz.300752,28.5934071200,30.0309964000,28.3558394000,29.3304762000,29.0807255200,955577,46118253.4700,2,5.260453,1,0.858818,0
2019-05-09,sz.300752,29.3426591600,30.3843022400,29.1660062400,29.9091668000,29.3304762000,981477,48365910.7300,2,5.403032,1,1.972995,0
2019-05-10,sz.300752,30.2137408000,30.9751758000,29.3000188000,30.7497910400,29.9091668000,1108500,55467395.0000,2,6.102294,1,2.810593,0
2019-05-13,sz.300752,30.4025766800,30.7619740000,30.0188134400,30.1893748800,30.7497910400,811677,40500633.2500,2,4.468283,1,-1.822500,0
2019-05-14,sz.300752,29.8117031200,30.7254251200,29.5497694800,30.5365892400,30.1893748800,653977,32619598.9000,2,3.600144,1,1.150120,0
2019-05-15,sz.300752,30.6279614400,31.7305193200,30.5487722000,31.4685856800,30.5365892400,994977,50948776.9200,2,5.477350,1,3.052062,0
2019-05-16,sz.300752,31.6756960000,32.0533677600,31.1457372400,31.4624942000,31.4685856800,836357,43414680.1200,2,4.604146,1,-0.019354,0
2019-05-17,sz.300752,31.4807686400,31.7914341200,29.9944475200,30.1954663600,31.4624942000,850533,43187257.4500,2,4.682185,1,-4.027109,0
2019-05-20,sz.300752,30.7619740000,30.9447184000,30.0919112000,30.6827847600,30.1954663600,616715,30919255.4200,2,3.395017,1,1.613878,0
2019-05-21,sz.300752,30.6645103200,31.2492924000,30.5548636800,30.9447184000,30.6827847600,691898,35153636.6700,2,3.808899,1,0.853683,0
2019-05-22,sz.300752,31.2249264800,31.5599578800,30.7619740000,30.9447184000,30.9447184000,624142,31904622.5600,2,3.435903,1,0.000000,0
2019-05-23,sz.300752,30.8411632400,31.0543650400,29.9091668000,30.0188134400,30.9447184000,678098,33701521.9700,2,3.732930,1,-2.992127,0
2019-05-24,sz.300752,30.1162771200,30.6706018000,29.9700816000,30.5670466400,30.0188134400,711014,35553964.4900,2,3.914133,1,1.826302,0
2019-05-27,sz.300752,30.6157784800,31.6696045200,30.3416618800,31.6635130400,30.5670466400,1379439,70122529.3500,2,7.593813,1,3.587085,0
2019-05-28,sz.300752,31.3057395000,31.3057395000,30.2820915100,30.5106731000,31.6635193800,2000341,62072959.4600,2,6.882425,1,-3.640929,0
2019-05-29,sz.300752,30.7790080100,32.2995725000,30.2820915100,31.7132110300,30.5106731000,2724130,86652458.9800,2,9.372712,1,3.941365,0
2019-05-30,sz.300752,31.2560478500,32.0212992600,30.5603647500,32.0014226000,31.7132110300,2116772,66456083.7200,2,7.283020,1,0.908809,0
2019-05-31,sz.300752,32.0014226000,35.1021815600,31.8821626400,33.5418637500,32.0014226000,4413360,149152905.3700,2,15.184720,1,4.813662,0
2019-06-03,sz.300752,33.1741455400,33.1741455400,31.6933343700,31.7231493600,33.5418637500,2487009,81036015.6900,2,8.556867,1,-5.422222,0
2019-06-04,sz.300752,31.7032727000,32.6772290400,31.3156778300,31.9020393000,31.7231493600,1809920,58324270.8000,2,6.227257,1,0.563905,0
2019-06-05,sz.300752,31.9020393000,33.0648239100,31.5045061000,32.9455639500,31.9020393000,2573083,84361468.2200,2,8.853016,1,3.271038,0
2019-06-06,sz.300752,33.4524187800,34.7642783400,31.8026560000,31.9716076100,32.9455639500,3237693,109108296.5700,2,11.139690,1,-2.956270,0
2019-06-10,sz.300752,30.3516598200,31.3355544900,29.3677651500,30.2920298400,31.9716076100,2115835,64404283.1500,2,7.279797,1,-5.253338,0
2019-06-11,sz.300752,30.1230782300,31.3156778300,30.1131399000,31.2560478500,30.2920298400,2056332,64037996.9300,2,7.075069,1,3.182419,0
2019-06-12,sz.300752,31.3057395000,31.9318542900,30.9082063000,31.2560478500,31.2560478500,1800342,56734377.1700,2,6.194303,1,0.000000,0
2019-06-13,sz.300752,31.3951844700,31.5045061000,30.8187613300,31.2063562000,31.2560478500,1280198,40279273.6000,2,4.404682,1,-0.158986,0
2019-06-14,sz.300752,31.5045061000,31.5045061000,28.9702319500,29.0099852700,31.2063562000,2435499,73375092.6300,2,8.379641,1,-7.038214,0
2019-06-17,sz.300752,28.8211570000,29.4174568000,28.3441171600,28.7118353700,29.0099852700,1109982,32164151.8000,2,3.819033,1,-1.027753,0
2019-06-18,sz.300752,28.6820203800,30.2920298400,28.4633771200,29.5963467400,28.7118353700,1668475,49615320.5600,2,5.740598,1,3.080655,0
2019-06-19,sz.300752,29.9640649500,30.4808581100,29.8149900000,30.0137566000,29.5963467400,1805499,54808847.1100,2,6.212046,1,1.410343,0
2019-06-20,sz.300752,30.3417214900,30.5106731000,29.5267784300,30.2721531800,30.0137566000,1774146,53829073.1600,2,6.104173,1,0.860922,0
2019-06-21,sz.300752,30.3914131400,31.0572812500,30.3914131400,30.6001180700,30.2721531800,1673320,51717652.9500,2,5.757268,1,1.083394,0
2019-06-24,sz.300752,30.5106731000,30.9877129400,29.7156067000,29.9441882900,30.6001180700,1453795,44070561.0500,2,5.001965,1,-2.143559,0
2019-06-25,sz.300752,29.9441882900,30.0336332600,29.0994302400,29.3578268200,29.9441882900,1236020,36516291.0000,2,4.252682,1,-1.958175,0
2019-06-26,sz.300752,29.2783201800,29.6957300400,29.1292452300,29.3677651500,29.3578268200,768800,22741985.4000,2,2.645153,1,0.033847,0
2019-06-27,sz.300752,29.3677651500,29.6162234000,29.2783201800,29.3677651500,29.3677651500,1017944,30166036.5400,2,3.502364,1,0.000000,0
2019-06-28,sz.300752,29.6460383900,29.6460383900,28.7416503600,28.8112186700,29.3677651500,1076160,31479947.0000,2,3.702664,1,-1.895091,0
2019-07-01,sz.300752,29.4671484500,30.4609814500,29.1391835600,30.4510431200,28.8112186700,2574381,77587298.3400,2,8.857482,1,5.691617,0
2019-07-02,sz.300752,30.6100564000,30.7491930200,30.0137566000,30.2920298400,30.4510431200,1650460,50451986.8000,2,5.678615,1,-0.522193,0
2019-07-03,sz.300752,30.4411047900,30.4411047900,29.3280118300,29.5367167600,30.2920298400,1272156,38075886.6800,2,4.377013,1,-2.493439,0
2019-07-04,sz.300752,29.5764700800,29.6957300400,28.9205403000,29.2981968400,29.5367167600,1215890,35771869.7000,2,4.183423,1,-0.807536,0
2019-07-05,sz.300752,29.3578268200,29.8646816500,29.1193069000,29.6062850700,29.2981968400,975926,29012637.4000,2,3.357796,1,1.051565,0
2019-07-08,sz.300752,29.4075184700,29.4075184700,27.8869539800,28.4534387900,29.6062850700,1522666,43629475.7000,2,5.238924,1,-3.893930,0
2019-07-09,sz.300752,28.4435004600,29.2186902000,28.0857205800,28.9106019700,28.4534387900,1091944,31523967.7300,2,3.756971,1,1.606710,0
2019-07-10,sz.300752,28.8112186700,28.8211570000,28.0459672600,28.1055972400,28.9106019700,878280,25023201.4000,2,3.021833,1,-2.784460,0
2019-07-11,sz.300752,28.3242405000,28.5925754100,27.8968923100,27.9863372800,28.1055972400,646220,18336238.2000,2,2.223401,1,-0.424331,0
2019-07-12,sz.300752,27.9465839600,28.3242405000,27.8472006600,28.0260906000,27.9863372800,523800,14784686.4000,2,1.802200,1,0.142049,0
2019-07-15,sz.300752,27.9267073000,27.9267073000,25.9191646400,26.8036760100,28.0260906000,1801377,48040634.5900,2,6.197864,1,-4.361707,0
2019-07-16,sz.300752,26.8036760100,27.0123809400,26.5552177600,26.9428126300,26.8036760100,998820,26932094.8500,2,3.436566,1,0.519100,0
2019-07-17,sz.300752,26.9428126300,28.8112186700,26.7937376800,27.7776323500,26.9428126300,1814332,50878808.1000,2,6.242438,1,3.098488,0
2019-07-18,sz.300752,27.7080640400,27.7080640400,26.5750944200,26.5750944200,27.7776323500,1041749,28311971.0600,2,3.584268,1,-4.329163,0
2019-07-19,sz.300752,26.5750944200,27.0123809400,26.1576845600,26.3067595100,26.5750944200,787000,21103853.2000,2,2.707773,1,-1.009725,0
2019-07-22,sz.300752,26.2173145400,26.6148477400,24.7464417000,24.7861950200,26.3067595100,1303421,33048992.9700,2,4.484584,1,-5.780124,0
2019-07-23,sz.300752,24.7066883800,25.4222481400,24.7066883800,25.3228648400,24.7861950200,958880,24250613.4000,2,3.299147,1,2.165192,0
2019-07-24,sz.300752,25.6011380800,26.3465128300,25.3526798300,26.1179312400,25.3228648400,1374370,35989296.1000,2,4.728693,1,3.139722,0
2019-07-25,sz.300752,26.1676228900,27.3105308400,26.1676228900,26.7440460300,26.1179312400,1721490,46322570.1200,2,5.923003,1,2.397257,0
2019-07-26,sz.300752,26.5850327500,27.2707775200,26.4558344600,26.7341077000,26.7440460300,1270605,34237871.9100,2,4.371700,1,-0.037200,0
2019-07-29,sz.300752,26.5254027700,27.2310242000,26.3166978400,27.1217025700,26.7341077000,1126920,30618608.2000,2,3.877310,1,1.449819,0
2019-07-30,sz.300752,27.2310242000,28.7317120300,26.9726276200,27.9664606200,27.1217025700,2194867,62152856.4800,2,7.551700,1,3.114700,0
2019-07-31,sz.300752,27.8770156500,28.0757822500,27.5092974400,27.6186190700,27.9664606200,1297516,36191528.5800,2,4.464300,1,-1.243800,0
2019-08-01,sz.300752,27.8273240000,28.3043638400,27.4297908000,27.9465839600,27.6186190700,1119760,31461837.9000,2,3.852700,1,1.187500,0
2019-08-02,sz.300752,27.6384957300,27.7577556900,26.6148477400,27.6484340600,27.9465839600,1311479,35995834.7000,2,4.512300,1,-1.066900,0
2019-08-05,sz.300752,27.8273240000,28.3341788300,27.2210858700,27.8273240000,27.6484340600,1527420,43061706.4000,2,5.255300,1,0.647000,0
2019-08-06,sz.300752,27.3602224900,30.6100564000,25.8495963300,30.6100564000,27.8273240000,5248369,151852764.3100,2,18.057700,1,10.000000,0
2019-08-07,sz.300752,32.1107442300,33.6710620400,31.1566645500,31.5045061000,30.6100564000,10001805,328664591.4800,2,34.412500,1,2.922100,0
2019-08-08,sz.300752,29.6957300400,30.3019681700,29.4273951300,29.4671484500,31.5045061000,5553261,166518805.7400,2,19.106700,1,-6.466900,0
2019-08-09,sz.300752,29.1789368800,29.7652983500,27.6583723900,27.8472006600,29.4671484500,3972601,114633260.2800,2,13.668200,1,-5.497500,0
2019-08-12,sz.300752,28.3143021700,30.6299330600,27.9565222900,30.6299330600,27.8472006600,3618542,107196257.5600,2,12.450000,1,9.992900,0
2019-08-13,sz.300752,31.6535810500,32.4784624400,30.1926465400,30.3814748100,30.6299330600,7277776,229517142.8800,2,25.040100,1,-0.811200,0
2019-08-14,sz.300752,31.2063562000,32.7070440300,31.1367878900,31.4945677700,30.3814748100,6393311,204464573.3100,2,21.997000,1,3.663700,0
2019-08-15,sz.300752,30.5603647500,33.6511853800,29.8944966400,33.1940222000,31.4945677700,6667531,213649002.8800,2,22.940500,1,5.396000,0
2019-08-16,sz.300752,32.6175990600,33.0747622400,32.2001892000,32.4983391000,33.1940222000,5164902,169492731.5000,2,17.770500,1,-2.095800,0
2019-08-19,sz.300752,34.1779168700,35.3307631500,32.9952556000,34.9034149600,32.4983391000,7443804,254798841.8600,2,25.611300,1,7.400600,0
2019-08-20,sz.300752,34.7841550000,35.5792214000,34.1282252200,34.6350800500,34.9034149600,6337924,221675662.0800,2,21.806400,1,-0.768800,0
2019-08-21,sz.300752,33.7903220000,34.4462517800,33.0946389000,33.5915554000,34.6350800500,3739036,126550848.3600,2,12.864600,1,-3.012900,0
2019-08-22,sz.300752,34.0785335700,34.0884719000,32.8163656600,33.4921721000,33.5915554000,2753664,92640290.6400,2,9.474300,1,-0.295900,0
2019-08-23,sz.300752,33.3629738100,33.9195202900,32.5778457400,32.6076607300,33.4921721000,2250855,75044542.7100,2,7.744300,1,-2.640900,0
2019-08-26,sz.300752,31.4846294400,35.8674329700,31.0075896000,35.2413181800,32.6076607300,7045975,245292927.2800,2,24.242600,1,8.076800,0
2019-08-27,sz.300752,35.2313798500,36.4736711000,34.2872385000,34.4860051000,35.2413181800,6243611,222152479.7500,2,21.481900,1,-2.143300,0
2019-08-28,sz.300752,33.2536521800,33.9393969500,32.5977224000,32.8660573100,34.4860051000,4157665,138985508.7000,2,14.305000,1,-4.697400,0
2019-08-29,sz.300752,32.7964890000,33.2238371900,32.4784624400,32.9853172700,32.8660573100,1969120,65117841.0000,2,6.775000,1,0.362900,0
2019-08-30,sz.300752,32.9853172700,33.2735288400,31.4647527800,31.5144444300,32.9853172700,2349060,76242545.0500,2,8.082200,1,-4.459200,0
2019-09-02,sz.300752,31.5144444300,32.2995725000,31.5144444300,31.8921009700,31.5144444300,1650880,53077828.4000,2,5.680100,1,1.198400,0
2019-09-03,sz.300752,31.7827793400,32.0709909100,31.5840127400,31.9815459400,31.8921009700,1448200,46415247.0000,2,4.982700,1,0.280500,0
2019-09-04,sz.300752,31.9815459400,32.2697575100,31.4647527800,31.6535810500,31.9815459400,1684100,53833540.8000,2,5.794400,1,-1.025500,0
2019-09-05,sz.300752,31.9716076100,32.7567356800,31.8026560000,32.0709909100,31.6535810500,3244792,105628994.1000,2,11.164100,1,1.318700,0
2019-09-06,sz.300752,32.1008059000,32.5679074100,31.9318542900,32.3691408100,32.0709909100,1654897,53636982.5500,2,5.693900,1,0.929700,0
2019-09-09,sz.300752,32.6971057000,34.7642783400,32.4287707900,34.5158200900,32.3691408100,4503817,153454073.1000,2,15.495900,1,6.631900,0
2019-09-10,sz.300752,34.3071151600,34.3071151600,33.3927888000,33.6611237100,34.5158200900,2735920,92805561.2000,2,9.413300,1,-2.476200,0
2019-09-11,sz.300752,33.6611237100,33.9493352800,33.5021104300,33.7406303500,33.6611237100,1782080,60412854.4000,2,6.131500,1,0.236200,0
2019-09-12,sz.300752,33.7903220000,33.9791502700,33.5518020800,33.9195202900,33.7406303500,1800935,61180728.2600,2,6.196300,1,0.530200,0
2019-09-16,sz.300752,33.9393969500,34.2872385000,33.2934055000,33.4027271300,33.9195202900,2044697,68920184.5900,2,7.035000,1,-1.523600,0
2019-09-17,sz.300752,33.1244538900,33.1244538900,31.3951844700,31.6138277300,33.4027271300,2441752,78867915.5600,2,8.401200,1,-5.355600,0
2019-09-18,sz.300752,31.6038894000,32.0809292400,31.3554311500,31.7231493600,31.6138277300,1290477,41152048.6000,2,4.440000,1,0.345800,0
2019-09-19,sz.300752,31.8523476500,32.5480307500,31.4448761200,32.4685241100,31.7231493600,1491677,48314666.6400,2,5.132300,1,2.349600,0
2019-09-20,sz.300752,32.6971057000,32.6971057000,31.9020393000,32.3592024800,32.4685241100,1848620,60201744.4000,2,6.360400,1,-0.336700,0
2019-09-23,sz.300752,32.3095108300,32.3393258200,31.3057395000,31.7430260200,32.3592024800,1639600,52012670.8000,2,5.641300,1,-1.904200,0
2019-09-24,sz.300752,31.7132110300,32.2896341700,31.7132110300,32.0511142500,31.7430260200,1403495,45331508.7500,2,4.828900,1,0.970600,0
2019-09-25,sz.300752,32.0411759200,32.0411759200,30.5106731000,30.5703030800,32.0511142500,1684480,52615067.2000,2,5.795700,1,-4.620200,0
2019-09-26,sz.300752,30.6100564000,31.2063562000,28.3242405000,28.7814036800,30.5703030800,2047983,60517201.2200,2,7.046300,1,-5.851800,0
2019-09-27,sz.300752,28.3242405000,31.6635193800,28.3242405000,31.6635193800,28.7814036800,2666858,83345178.2000,2,9.175700,1,10.013800,0
2019-09-30,sz.300752,31.6635193800,31.6635193800,29.7255450300,30.0535099200,31.6635193800,2903115,89081445.3000,2,9.988500,1,-5.084700,0
2019-10-08,sz.300752,30.1926465400,31.3852461400,29.6261617300,30.8088230000,30.0535099200,1931973,58975217.2500,2,6.647200,1,2.513200,0
2019-10-09,sz.300752,29.8348666600,29.9342499600,28.7515886900,29.8149900000,30.8088230000,1877960,55579686.6000,2,6.461400,1,-3.225800,0
2019-10-10,sz.300752,29.8746199800,30.0932632400,29.3280118300,29.9143733000,29.8149900000,1381175,41343982.3200,2,4.752100,1,0.333300,0
2019-10-11,sz.300752,29.9044349700,30.1131399000,29.0199236000,29.0596769200,29.9143733000,1321520,38981414.0000,2,4.546900,1,-2.857100,0
2019-10-14,sz.300752,29.0894919100,31.9616692800,29.0894919100,31.9616692800,29.0596769200,2595440,81994972.8000,2,8.929900,1,9.986300,0
2019-10-15,sz.300752,32.1306208900,32.3592024800,31.0274662600,31.6436427200,31.9616692800,4119579,131170098.9700,2,14.173900,1,-0.995000,0
2019-10-16,sz.300752,31.4846294400,33.5418637500,30.9877129400,32.5679074100,31.6436427200,4514117,146810510.0600,2,15.531400,1,2.920900,0
2019-10-17,sz.300752,32.2796958400,32.9455639500,32.0908675700,32.4188324600,32.5679074100,2425080,79411018.6000,2,8.343800,1,-0.457700,0
2019-10-18,sz.300752,32.4188324600,32.6474140500,31.3057395000,31.6833960400,32.4188324600,2170583,69357200.2200,2,7.468200,1,-2.268500,0
2019-10-21,sz.300752,31.9815459400,31.9815459400,29.1491218900,30.5703030800,31.6833960400,1612013,49264728.3000,2,5.546300,1,-3.513200,0
2019-10-22,sz.300752,30.5206114300,33.5915554000,30.5206114300,31.5541977500,30.5703030800,1944227,62034866.7300,2,6.689400,1,3.218500,0
2019-10-23,sz.300752,31.4846294400,33.0847005700,31.2162945300,32.3890174700,31.5541977500,3278692,106824767.0400,2,11.280800,1,2.645700,0
2019-10-24,sz.300752,31.9815459400,32.6772290400,31.5045061000,32.3293874900,32.3890174700,2128347,68662263.0100,2,7.322800,1,-0.184100,0
2019-10-25,sz.300752,32.3989558000,33.2337755200,31.9914842700,32.6175990600,32.3293874900,2641933,86636588.6700,2,9.089900,1,0.891500,0
2019-10-28,sz.300752,32.3492641500,33.3927888000,32.1604358800,33.3828504700,32.6175990600,3074136,101760233.6300,2,10.577000,1,2.346100,0
2019-10-29,sz.300752,33.2536521800,33.2834671700,31.8026560000,31.8026560000,33.3828504700,2566516,83219204.4800,2,8.830400,1,-4.733600,0
2019-10-30,sz.300752,31.4448761200,31.4448761200,30.3218448300,30.7491930200,31.8026560000,1598420,49425334.4000,2,5.499600,1,-3.312500,0
2019-10-31,sz.300752,30.9380212900,31.1864795400,29.3280118300,29.5168401000,30.7491930200,1516200,45760216.2000,2,5.216700,1,-4.007800,0
2019-11-01,sz.300752,29.4174568000,29.9740032800,29.4174568000,29.5764700800,29.5168401000,949050,28368404.6000,2,3.265300,1,0.202000,0
2019-11-04,sz.300752,29.5267784300,30.1131399000,29.2485051900,29.2981968400,29.5764700800,1061460,31479704.8000,2,3.652100,1,-0.940900,0
2019-11-05,sz.300752,29.2385668600,29.5665317500,28.7018970400,29.0398002600,29.2981968400,1067837,31171089.4600,2,3.674000,1,-0.882000,0
2019-11-06,sz.300752,28.8807869800,29.1988135400,28.6025137400,28.7515886900,29.0398002600,823360,23935381.4000,2,2.832900,1,-0.992500,0
2019-11-07,sz.300752,28.6223904000,29.0696152500,28.6223904000,28.9205403000,28.7515886900,508960,14788203.0000,2,1.751100,1,0.587600,0
2019-11-08,sz.300752,29.2087518700,29.2087518700,28.8012803400,28.8012803400,28.9205403000,800340,23366160.2000,2,2.753700,1,-0.412400,0
2019-11-11,sz.300752,28.6124520700,28.6124520700,26.3663894900,27.2210858700,28.8012803400,1472617,40606703.2100,2,5.066700,1,-5.486500,0
2019-11-12,sz.300752,27.1912708800,27.5092974400,26.7142310400,27.0223192700,27.2210858700,628311,17104603.5300,2,2.161800,1,-0.730200,0
2019-11-13,sz.300752,26.8931209800,27.1018259100,26.4260194700,26.5154644400,27.0223192700,734360,19758604.8000,2,2.526700,1,-1.875700,0
2019-11-14,sz.300752,26.8136143400,27.3999758100,26.6347244000,27.1117642400,26.5154644400,866880,23647887.5000,2,2.982600,1,2.248900,0
2019-11-15,sz.300752,27.3204691700,27.4695441200,26.7241693700,27.1217025700,27.1117642400,837300,22902870.8000,2,2.880800,1,0.036700,0
2019-11-18,sz.300752,26.4359578000,27.3900374800,26.4359578000,26.9428126300,27.1217025700,585540,15899264.6000,2,2.014600,1,-0.659600,0
2019-11-19,sz.300752,27.2906541800,27.4993591100,26.8831826500,27.4496674600,26.9428126300,770940,21140434.0000,2,2.652500,1,1.881200,0
2019-11-20,sz.300752,27.4297908000,27.4596057900,26.5651560900,26.6347244000,27.4496674600,957880,26028673.9500,2,3.295700,1,-2.968900,0
2019-11-21,sz.300752,26.7241693700,26.9527509600,26.4359578000,26.7241693700,26.6347244000,417620,11225128.7100,2,1.436900,1,0.335800,0
2019-11-22,sz.300752,26.5154644400,27.1217025700,25.5613847600,26.1378079000,26.7241693700,1078040,28611652.8000,2,3.709100,1,-2.194100,0
2019-11-25,sz.300752,26.2272528700,26.2968211800,24.8756399900,24.9452083000,26.1378079000,1027140,26086042.0000,2,3.534000,1,-4.562700,0
2019-11-26,sz.300752,25.2036048800,26.0384246000,25.1539132300,25.4321864700,24.9452083000,898920,23151493.4000,2,3.092800,1,1.952200,0
2019-11-27,sz.300752,25.2532965300,25.4421248000,24.8855783200,25.2433582000,25.4321864700,618000,15674198.8000,2,2.126300,1,-0.742500,0
2019-11-28,sz.300752,25.4023714800,25.6408914000,24.9551466300,25.0445916000,25.2433582000,474560,12051105.6000,2,1.632800,1,-0.787400,0
2019-11-29,sz.300752,24.9153933100,25.2334198700,24.9153933100,25.1539132300,25.0445916000,454900,11480755.2000,2,1.565100,1,0.436500,0
2019-12-02,sz.300752,25.0744065900,25.3824948200,25.0744065900,25.2731731900,25.1539132300,472100,11991268.4000,2,1.624300,1,0.474100,0
2019-12-03,sz.300752,24.9551466300,25.5911997500,24.9452083000,25.5911997500,25.2731731900,660220,16810534.2000,2,2.271600,1,1.258400,0
2019-12-04,sz.300752,25.3228648400,26.0980545800,25.3228648400,25.6508297300,25.5911997500,664140,17227157.0000,2,2.285100,1,0.233000,0
2019-12-05,sz.300752,25.6607680600,26.2371912000,25.5116931100,26.1576845600,25.6508297300,1050597,27573094.5500,2,3.614700,1,1.976000,0
2019-12-06,sz.300752,26.1775612200,26.6148477400,25.9986712800,26.2570678600,26.1576845600,917420,24297901.4000,2,3.156500,1,0.379900,0
2019-12-09,sz.300752,26.3663894900,26.9129976400,26.3663894900,26.7837993500,26.2570678600,900840,24225629.8000,2,3.099500,1,2.006100,0
2019-12-10,sz.300752,26.6943543800,27.0620725900,26.2769445200,26.9229359700,26.7837993500,1012140,27178365.2000,2,3.482400,1,0.519500,0
2019-12-11,sz.300752,26.9229359700,27.1316409000,26.3465128300,26.6446627300,26.9229359700,785937,21095914.1400,2,2.704100,1,-1.033600,0
2019-12-12,sz.300752,26.6546010600,28.8211570000,26.3465128300,28.1354122300,26.6446627300,2484920,69372548.0000,2,8.549700,1,5.594900,0
2019-12-13,sz.300752,28.3639938200,29.2882585100,27.6583723900,28.8807869800,28.1354122300,3120394,89399419.4400,2,10.736100,1,2.649200,0
2019-12-16,sz.300752,28.8807869800,29.2981968400,28.7018970400,29.0994302400,28.8807869800,2080020,60749388.6000,2,7.156600,1,0.757100,0
2019-12-17,sz.300752,29.1093685700,29.8149900000,29.0596769200,29.1391835600,29.0994302400,2025660,59833021.6000,2,6.969500,1,0.136600,0
2019-12-18,sz.300752,29.1391835600,29.3777034800,28.8211570000,29.0398002600,29.1391835600,1436674,42029045.1600,2,4.943100,1,-0.341100,0
2019-12-19,sz.300752,29.0398002600,29.2584435200,28.4534387900,28.9304786300,29.0398002600,1415060,41048163.2000,2,4.868700,1,-0.376500,0
2019-12-20,sz.300752,29.0099852700,29.0099852700,28.3739321500,28.3838704800,28.9304786300,752900,21692324.4000,2,2.590400,1,-1.889400,0
2019-12-23,sz.300752,28.1851038800,28.3441171600,27.1614558900,27.1813325500,28.3838704800,1151240,32050970.6000,2,3.961000,1,-4.236700,0
2019-12-24,sz.300752,27.4198524700,27.9763989500,27.2310242000,27.9267073000,27.1813325500,1111020,30944730.0000,2,3.822600,1,2.742200,0
2019-12-25,sz.300752,27.9267073000,28.7018970400,27.9267073000,28.7018970400,27.9267073000,1481871,42307415.7200,2,5.098600,1,2.775800,0
2019-12-26,sz.300752,28.6820203800,28.9901086100,28.4733154500,28.8807869800,28.7018970400,1071290,30969559.2000,2,3.685900,1,0.623300,0
2019-12-27,sz.300752,28.9702319500,29.4969634400,28.3242405000,28.8708486500,28.8807869800,1723994,50139683.8000,2,5.931600,1,-0.034400,0
2019-12-30,sz.300752,28.9801702800,28.9801702800,27.7378790300,28.6621437200,28.8708486500,1488440,42362983.2000,2,5.121200,1,-0.722900,0
2019-12-31,sz.300752,28.5031304400,28.8112186700,28.1055972400,28.3838704800,28.6621437200,852134,24364448.6000,2,2.931900,1,-0.970900,0
2020-01-02,sz.300752,28.5826370800,28.9205403000,28.4832537800,28.8012803400,28.3838704800,1287874,37281788.9000,2,4.431100,1,1.470600,0
2020-01-03,sz.300752,28.7913420100,28.9404169600,28.5726987500,28.6522053900,28.8012803400,850794,24593358.7800,2,2.927300,1,-0.517600,0
2020-01-06,sz.300752,28.6522053900,29.1689985500,28.4733154500,29.1193069000,28.6522053900,1546160,45065541.0000,2,5.319800,1,1.630200,0
2020-01-07,sz.300752,28.9404169600,29.3677651500,28.9404169600,29.1789368800,29.1193069000,1210936,35491407.5600,2,4.166400,1,0.204800,0
2020-01-08,sz.300752,29.1093685700,29.7652983500,28.8310953300,28.8310953300,29.1789368800,1566720,46212052.0000,2,5.390500,1,-1.192100,0
2020-01-09,sz.300752,28.8807869800,29.3975801400,28.8807869800,29.2087518700,28.8310953300,1026456,30163967.5200,2,3.531700,1,1.309900,0
2020-01-10,sz.300752,29.2186902000,29.6062850700,29.1292452300,29.2783201800,29.2087518700,1054543,31149410.1700,2,3.628300,1,0.238200,0
2020-01-13,sz.300752,29.2783201800,30.0634482500,29.2783201800,30.0435715900,29.2783201800,1669980,50070339.8000,2,5.745800,1,2.613700,0
2020-01-14,sz.300752,29.8944966400,30.0634482500,29.5764700800,29.6361000600,30.0435715900,1198016,35817279.2000,2,4.121900,1,-1.356300,0
2020-01-15,sz.300752,29.6460383900,29.6559767200,28.8211570000,29.2485051900,29.6361000600,1127920,33023048.0000,2,3.880800,1,-1.307800,0
2020-01-16,sz.300752,29.3081351700,29.8448049900,29.0398002600,29.5466550900,29.2485051900,1250540,37171923.8000,2,4.302600,1,1.019400,0
2020-01-17,sz.300752,29.5168401000,29.8944966400,28.9901086100,29.0398002600,29.5466550900,1084704,32069531.9600,2,3.732100,1,-1.715400,0
2020-01-20,sz.300752,29.0398002600,29.6062850700,28.8807869800,29.4572101200,29.0398002600,1093662,32228111.3600,2,3.762900,1,1.437400,0
2020-01-21,sz.300752,29.1689985500,29.5267784300,28.9702319500,29.0696152500,29.4572101200,919429,27024467.9500,2,3.163400,1,-1.315800,0
2020-01-22,sz.300752,27.8869539800,28.6820203800,27.5490507600,28.5826370800,29.0696152500,1509504,42622356.7700,2,5.193600,1,-1.675200,0
2020-01-23,sz.300752,28.1751655500,29.6659150500,27.7279407000,28.1055972400,28.5826370800,1507593,43690734.6600,2,5.187100,1,-1.669000,0
2020-02-03,sz.300752,25.2930498500,25.2930498500,25.2930498500,25.2930498500,28.1055972400,148400,3776780.0000,2,0.510600,1,-10.007100,0
2020-02-04,sz.300752,22.7786523600,25.2433582000,22.7687140300,23.7029170500,25.2930498500,1918020,45812068.8000,2,6.599200,1,-6.286800,0
2020-02-05,sz.300752,23.7128553800,24.6967500500,23.7128553800,23.9513753000,23.7029170500,1271734,30903083.9800,2,4.375600,1,1.048200,0
2020-02-06,sz.300752,23.9513753000,24.3389701700,23.6333487400,24.2296485400,23.9513753000,1192634,28859419.8000,2,4.103400,1,1.161800,0
2020-02-07,sz.300752,24.2296485400,24.4383534700,23.9116219800,24.3986001500,24.2296485400,1371574,33345332.9200,2,4.719100,1,0.697300,0
2020-02-10,sz.300752,24.3986001500,24.7166267100,23.9513753000,24.6768733900,24.3986001500,1314113,32208225.6600,2,4.521400,1,1.140500,0
2020-02-11,sz.300752,24.6868117200,24.9650849600,24.4681684600,24.8955166500,24.6768733900,1320609,32927770.2900,2,4.543700,1,0.886000,0
2020-02-12,sz.300752,24.8955166500,25.3328031700,24.6967500500,25.2532965300,24.8955166500,1421294,35760298.3400,2,4.890100,1,1.437100,0
2020-02-13,sz.300752,25.2433582000,25.4321864700,24.7861950200,24.8358866700,25.2532965300,1263982,31783293.7200,2,4.348900,1,-1.652900,0
2020-02-14,sz.300752,24.7563800300,25.2831115200,24.3290318400,25.0247149400,24.8358866700,1187737,29907867.4200,2,4.086600,1,0.760300,0
2020-02-17,sz.300752,25.1539132300,26.0781779200,25.1539132300,26.0384246000,25.0247149400,1456514,37838363.4300,2,5.011300,1,4.050800,0
2020-02-18,sz.300752,26.0384246000,27.1316409000,26.0384246000,27.1316409000,26.0384246000,1949936,52312389.3600,2,6.709000,1,4.198500,0
2020-02-19,sz.300752,27.3105308400,27.3105308400,26.7241693700,26.7738610200,27.1316409000,1605060,43579333.2000,2,5.522400,1,-1.318700,0
2020-02-20,sz.300752,26.7440460300,27.2111475400,26.2371912000,27.1217025700,26.7738610200,1607400,43454853.6000,2,5.530500,1,1.299200,0
2020-02-21,sz.300752,27.4297908000,28.0260906000,27.0322576000,27.7279407000,27.1217025700,2090075,57914164.0700,2,7.191200,1,2.235200,0
2020-02-24,sz.300752,27.3900374800,28.7018970400,27.3900374800,28.4931921100,27.7279407000,2452553,69414621.4600,2,8.438300,1,2.759900,0
2020-02-25,sz.300752,27.8273240000,28.4037471400,25.8396580000,28.0857205800,28.4931921100,2411975,67317333.4500,2,8.298700,1,-1.430100,0
2020-02-26,sz.300752,27.5589890900,28.6223904000,27.1316409000,27.3602224900,28.0857205800,1977000,55601274.4500,2,6.802100,1,-2.583200,0
2020-02-27,sz.300752,27.8372623300,27.9167689700,26.8831826500,27.2310242000,27.3602224900,1465894,40459903.7300,2,5.043600,1,-0.472200,0
2020-02-28,sz.300752,26.2371912000,26.4260194700,24.9650849600,25.1141599100,27.2310242000,2216385,57033092.1400,2,7.625800,1,-7.773700,0
2020-03-02,sz.300752,25.1141599100,26.1974378800,25.1141599100,25.8893496500,25.1141599100,1215020,31416433.4800,2,4.180400,1,3.086700,0
2020-03-03,sz.300752,26.2272528700,27.0322576000,26.0781779200,26.4260194700,25.8893496500,1523413,40798976.3400,2,5.241500,1,2.072900,0
2020-03-04,sz.300752,26.6148477400,26.9825659500,26.0185479400,26.8235526700,26.4260194700,1147100,30748290.8000,2,3.946700,1,1.504300,0
2020-03-05,sz.300752,27.1813325500,27.3800991500,26.6247860700,26.8136143400,26.8235526700,1349410,36472766.1800,2,4.642800,1,-0.037100,0
2020-03-06,sz.300752,26.2670061900,26.8235526700,26.2670061900,26.5254027700,26.8136143400,1094024,29237483.4000,2,3.308800,1,-1.074900,0
2020-03-09,sz.300752,26.1576845600,26.4955877800,24.9849616200,24.9849616200,26.5254027700,1256884,32397761.0800,2,3.801300,1,-5.807400,0
2020-03-10,sz.300752,24.6470584000,25.7601513600,24.0010669500,25.6707063900,24.9849616200,1311866,33018225.7500,2,3.967600,1,2.744600,0
2020-03-11,sz.300752,25.8197813400,26.5750944200,25.5514464300,25.7402747000,25.6707063900,1108520,29122980.6000,2,3.352600,1,0.271000,0
2020-03-12,sz.300752,25.3029881800,25.8297196700,24.8458250000,25.1539132300,25.7402747000,746056,18937672.3000,2,2.256400,1,-2.278000,0
2020-03-13,sz.300752,23.4445204700,25.2930498500,23.4445204700,24.3290318400,25.1539132300,1188267,28840544.6200,2,3.593800,1,-3.279300,0
2020-03-16,sz.300752,24.1402035700,24.8458250000,22.7388990400,23.3948288200,24.3290318400,1621162,39039952.6200,2,4.903000,1,-3.839900,0
2020-03-17,sz.300752,23.3351988400,23.4445204700,21.3177178500,22.3513041700,23.3948288200,1739311,38820982.1500,2,5.260300,1,-4.460500,0
2020-03-18,sz.300752,22.6295774100,23.6035337500,22.4606258000,22.5103174500,22.3513041700,1386211,32163905.8300,2,4.192400,1,0.711400,0
2020-03-19,sz.300752,22.5103174500,23.1463705700,21.8941409900,22.6892073900,22.5103174500,1084257,24440264.0800,2,3.279200,1,0.794700,0
2020-03-20,sz.300752,23.0668639300,23.2656305300,22.6991457200,23.2258772100,22.6892073900,1057140,24416796.4000,2,3.197200,1,2.365300,0
2020-03-23,sz.300752,22.8680973300,23.7526087000,22.1922908900,22.8482206700,23.2258772100,1186147,27370802.5800,2,3.587400,1,-1.626000,0
2020-03-24,sz.300752,23.3351988400,23.4246438100,22.2618592000,23.1165555800,22.8482206700,926400,21415181.0000,2,2.801800,1,1.174400,0
2020-03-25,sz.300752,23.3550755000,25.4321864700,23.3550755000,25.4321864700,23.1165555800,3190450,79331943.6000,2,9.649200,1,10.017200,0
2020-03-26,sz.300752,25.6408914000,26.2868828500,24.9153933100,24.9650849600,25.4321864700,3605820,92254681.6000,2,10.905400,1,-1.836700,0
2020-03-27,sz.300752,25.1439749000,25.3924331500,24.2793401900,24.7265650400,24.9650849600,1708207,42313167.2400,2,5.166300,1,-0.955400,0
2020-03-30,sz.300752,23.8519920000,24.8259483400,23.5538421000,24.3588468300,24.7265650400,1245310,30355871.5000,2,3.766300,1,-1.487100,0
2020-03-31,sz.300752,24.4284151400,24.7961333500,23.2060005500,23.2060005500,24.3588468300,1566900,37445419.4000,2,4.738900,1,-4.732800,0
2020-04-01,sz.300752,23.6035337500,23.9314986400,23.1165555800,23.2060005500,23.2060005500,1146239,27108127.3600,2,3.466700,1,0.000000,0
2020-04-02,sz.300752,23.1165555800,23.6929787200,22.8680973300,23.6532254000,23.2060005500,1147232,27133130.9600,2,3.469700,1,1.927200,0
2020-04-03,sz.300752,23.8519920000,24.1402035700,22.8680973300,23.0370489400,23.6532254000,1195327,28067642.0500,2,3.615100,1,-2.605000,0
2020-04-07,sz.300752,23.4544588000,23.9712519600,23.2556922000,23.3749521600,23.0370489400,1636391,38684094.0200,2,4.949100,1,1.466800,0
2020-04-08,sz.300752,23.3948288200,23.4842737900,23.0072339500,23.1264939100,23.3749521600,1411912,32983727.0000,2,4.270200,1,-1.062900,0
2020-04-09,sz.300752,23.2556922000,23.8023003500,23.1165555800,23.8023003500,23.1264939100,1849143,43845348.4100,2,5.592500,1,2.922200,0
2020-04-10,sz.300752,23.7625470300,24.8358866700,23.5836570900,23.6035337500,23.8023003500,2839120,68976165.2000,2,8.586600,1,-0.835100,0
2020-04-13,sz.300752,22.4109341500,23.9215603100,21.8742643300,22.3513041700,23.6035337500,1716620,38801176.5200,2,5.191700,1,-5.305300,0
2020-04-14,sz.300752,22.2022292200,22.6395157400,22.1624759000,22.5600091000,22.3513041700,1220880,27548175.0000,2,3.692400,1,0.933800,0
2020-04-15,sz.300752,22.4800000000,22.8400000000,22.3100000000,22.7200000000,22.5600000000,1291440,29176774.8000,2,3.905800,1,0.709200,0
2020-04-16,sz.300752,22.4000000000,22.6700000000,22.2200000000,22.5900000000,22.7200000000,731940,16458818.8000,2,2.213700,1,-0.572200,0
2020-04-17,sz.300752,22.6700000000,22.9000000000,22.3600000000,22.3700000000,22.5900000000,854212,19301560.9000,2,2.583500,1,-0.973900,0
2020-04-20,sz.300752,22.3700000000,22.4000000000,22.0000000000,22.3800000000,22.3700000000,801516,17790406.0200,2,2.424100,1,0.044700,0
2020-04-21,sz.300752,22.3400000000,22.3400000000,21.8700000000,22.1800000000,22.3800000000,739194,16318684.5400,2,2.235600,1,-0.893600,0
2020-04-22,sz.300752,22.2500000000,23.8700000000,22.0200000000,23.5500000000,22.1800000000,2223134,51482978.0400,2,6.723600,1,6.176700,0
2020-04-23,sz.300752,23.6000000000,23.6000000000,22.6000000000,22.6100000000,23.5500000000,1616800,37097916.4000,2,4.889800,1,-3.991500,0
2020-04-24,sz.300752,22.6100000000,22.6700000000,21.8000000000,21.8900000000,22.6100000000,1137720,25127155.7700,2,3.440900,1,-3.184400,0
2020-04-27,sz.300752,21.8900000000,22.4200000000,21.4900000000,22.4100000000,21.8900000000,1133220,24778070.0000,2,3.427300,1,2.375500,0
2020-04-28,sz.300752,22.4000000000,22.5800000000,21.0100000000,21.7000000000,22.4100000000,1582600,35039637.2000,2,4.786400,1,-3.168200,0
2020-04-29,sz.300752,21.5200000000,22.4800000000,21.2600000000,22.2700000000,21.7000000000,995020,21987631.8000,2,3.009300,1,2.626700,0
2020-04-30,sz.300752,22.4400000000,22.7200000000,22.1700000000,22.5300000000,22.2700000000,1047800,23582843.2000,2,3.169000,1,1.167500,0
2020-05-06,sz.300752,22.2000000000,22.8400000000,22.1800000000,22.8000000000,22.5300000000,975400,21936387.2000,2,2.950000,1,1.198400,0
2020-05-07,sz.300752,22.9800000000,23.1500000000,22.5000000000,22.8000000000,22.8000000000,1204066,27465246.0000,2,3.641600,1,0.000000,0
2020-05-08,sz.300752,22.8800000000,24.8000000000,22.7600000000,23.9600000000,22.8000000000,3357380,80357394.2100,2,10.154000,1,5.087700,0
2020-05-11,sz.300752,24.0100000000,24.1400000000,22.9500000000,23.2700000000,23.9600000000,2394960,56114594.6800,2,7.243300,1,-2.879800,0
2020-05-12,sz.300752,23.0100000000,23.2300000000,22.6900000000,23.0800000000,23.2700000000,1169120,26716216.2000,2,3.535900,1,-0.816500,0
2020-05-13,sz.300752,22.9100000000,23.0600000000,22.7400000000,23.0200000000,23.0800000000,772300,17699789.0000,2,2.335700,1,-0.260000,0
2020-05-14,sz.300752,23.0200000000,23.0900000000,22.5900000000,22.7300000000,23.0200000000,833980,18993031.8000,2,2.522300,1,-1.259800,0
2020-05-15,sz.300752,22.7000000000,23.2700000000,22.7000000000,22.8300000000,22.7300000000,631540,14451397.4000,2,1.910000,1,0.439900,0
2020-05-18,sz.300752,22.8300000000,22.9300000000,22.2300000000,22.2800000000,22.8300000000,757710,17020765.1000,2,2.291600,1,-2.409100,0
2020-05-19,sz.300752,22.2800000000,22.5900000000,22.2800000000,22.5300000000,22.2800000000,489190,10997313.0800,2,1.479500,1,1.122100,0
2020-05-20,sz.300752,22.5000000000,22.5300000000,22.1400000000,22.3500000000,22.5300000000,484380,10821578.8000,2,1.465000,1,-0.798900,0
2020-05-21,sz.300752,22.2900000000,22.5900000000,22.0800000000,22.2000000000,22.3500000000,558320,12440853.4000,2,1.688600,1,-0.671100,0
2020-05-22,sz.300752,22.2900000000,22.2900000000,21.9600000000,21.9800000000,22.2000000000,548600,12098805.0000,2,1.659200,1,-0.991000,0
2020-05-25,sz.300752,21.9900000000,22.1800000000,21.8100000000,22.0500000000,21.9800000000,326611,7179955.7500,2,0.987800,1,0.318500,0
2020-05-26,sz.300752,22.0800000000,22.7000000000,22.0800000000,22.5500000000,22.0500000000,812767,18275204.0000,2,2.458100,1,2.267600,0
2020-05-27,sz.300752,22.5000000000,22.9500000000,22.4200000000,22.7900000000,22.5500000000,1004770,22824183.1000,2,3.038800,1,1.064300,0
2020-05-28,sz.300752,22.5000000000,22.9300000000,22.0000000000,22.8200000000,22.7900000000,734221,16616458.1600,2,2.220600,1,0.131600,0
2020-05-29,sz.300752,22.8000000000,23.1000000000,22.6400000000,22.9200000000,22.8200000000,817497,18713000.6000,2,2.472400,1,0.438200,0
2020-06-01,sz.300752,22.9200000000,23.4800000000,22.9200000000,23.3100000000,22.9200000000,1311797,30519130.1300,2,3.967400,1,1.701600,0
2020-06-02,sz.300752,23.4000000000,23.7600000000,23.1500000000,23.6600000000,23.3100000000,1397543,32790373.3600,2,4.226700,1,1.501500,0
2020-06-03,sz.300752,23.7000000000,24.0800000000,23.2400000000,23.3100000000,23.6600000000,1384490,32711341.5000,2,4.187200,1,-1.479300,0
2020-06-04,sz.300752,23.6900000000,23.6900000000,23.2500000000,23.3500000000,23.3100000000,801203,18752424.3700,2,2.423100,1,0.171600,0
2020-06-05,sz.300752,23.3000000000,23.4800000000,22.9000000000,23.1700000000,23.3500000000,917950,21254742.5000,2,2.776200,1,-0.770900,0
2020-06-08,sz.300752,23.4000000000,24.1600000000,23.2200000000,23.5200000000,23.1700000000,1371525,32505665.9000,2,4.148000,1,1.510600,0
2020-06-09,sz.300752,23.6900000000,23.7500000000,23.1800000000,23.2800000000,23.5200000000,721660,16854292.8000,2,2.182600,1,-1.020400,0
2020-06-10,sz.300752,23.5900000000,23.5900000000,22.9000000000,23.0900000000,23.2800000000,556900,12845988.2000,2,1.684300,1,-0.816200,0
2020-06-11,sz.300752,23.0300000000,23.2800000000,22.8500000000,22.8900000000,23.0900000000,596500,13756296.3000,2,1.804000,1,-0.866200,0
2020-06-12,sz.300752,22.6500000000,22.8200000000,22.3300000000,22.6300000000,22.8900000000,957860,21560596.4000,2,2.896900,1,-1.135900,0
2020-06-15,sz.300752,22.5100000000,22.8200000000,22.2500000000,22.3000000000,22.6300000000,884370,19895969.2000,2,2.674700,1,-1.458200,0
2020-06-16,sz.300752,22.5900000000,22.8400000000,22.4600000000,22.8200000000,22.3000000000,720237,16312673.6400,2,2.178300,1,2.331800,0
2020-06-17,sz.300752,22.9900000000,23.0700000000,22.6600000000,23.0700000000,22.8200000000,788560,18055095.6700,2,2.384900,1,1.095500,0
2020-06-18,sz.300752,23.2000000000,24.1000000000,22.9300000000,23.8700000000,23.0700000000,2411563,57084496.2100,2,7.293500,1,3.467700,0
2020-06-19,sz.300752,24.0000000000,24.2000000000,23.8100000000,24.1000000000,23.8700000000,1761413,42239744.1300,2,5.327200,1,0.963600,0
2020-06-22,sz.300752,24.3300000000,24.3300000000,23.7100000000,23.7200000000,24.1000000000,1388940,33289236.6000,2,4.200700,1,-1.576800,0
2020-06-23,sz.300752,23.7200000000,23.9600000000,23.5000000000,23.7900000000,23.7200000000,907230,21577068.3000,2,2.743800,1,0.295100,0
2020-06-24,sz.300752,23.5600000000,24.8200000000,23.5500000000,24.8000000000,23.7900000000,2257163,54978618.6700,2,6.826500,1,4.245500,0
2020-06-29,sz.300752,24.7800000000,25.6900000000,24.4900000000,25.0800000000,24.8000000000,2719320,67741263.3500,2,8.224300,1,1.129000,0
2020-06-30,sz.300752,25.1800000000,27.5900000000,24.9100000000,27.1700000000,25.0800000000,4429533,117772616.0100,2,13.396600,1,8.333300,0
2020-07-01,sz.300752,27.3100000000,27.3100000000,26.3300000000,26.4600000000,27.1700000000,3120110,83781853.6000,2,9.436400,1,-2.613200,0
2020-07-02,sz.300752,26.7900000000,26.9200000000,26.3100000000,26.4300000000,26.4600000000,1994249,52946385.3300,2,6.031400,1,-0.113400,0
2020-07-03,sz.300752,26.5000000000,26.5600000000,25.5000000000,26.4700000000,26.4300000000,1616275,42450535.0500,2,4.888200,1,0.151300,0
2020-07-06,sz.300752,26.1700000000,28.0500000000,26.1700000000,28.0400000000,26.4700000000,3753977,101697468.3700,2,11.353500,1,5.931200,0
2020-07-07,sz.300752,27.9200000000,29.0600000000,27.3900000000,28.0300000000,28.0400000000,3338905,93706257.9500,2,10.098100,1,-0.035700,0
2020-07-08,sz.300752,27.9900000000,28.4500000000,27.5200000000,28.0700000000,28.0300000000,2190793,61053943.1000,2,6.625800,1,0.142700,0
2020-07-09,sz.300752,27.8100000000,29.9000000000,27.8100000000,28.8000000000,28.0700000000,3270323,94409222.9900,2,9.890700,1,2.600600,0
2020-07-10,sz.300752,28.5300000000,28.8800000000,27.7800000000,27.8500000000,28.8000000000,1798243,51083761.5200,2,5.438600,1,-3.298600,0
2020-07-13,sz.300752,27.8600000000,28.9800000000,27.7700000000,28.0500000000,27.8500000000,3574793,100400703.1700,2,10.811600,1,0.718100,0
2020-07-14,sz.300752,28.1500000000,28.3400000000,26.5000000000,26.7500000000,28.0500000000,3170042,86314578.0500,2,9.587400,1,-4.634600,0
2020-07-15,sz.300752,26.9500000000,27.0700000000,25.7200000000,25.7200000000,26.7500000000,2077184,54536902.5400,2,6.282200,1,-3.850500,0
2020-07-16,sz.300752,25.6500000000,25.9300000000,24.5200000000,24.6200000000,25.7200000000,2840524,71293425.7800,2,8.590800,1,-4.276800,0
2020-07-17,sz.300752,24.6800000000,24.9800000000,24.1000000000,24.3000000000,24.6200000000,1264724,30961711.4400,2,3.825000,1,-1.299800,0
2020-07-20,sz.300752,24.5500000000,25.0800000000,24.4000000000,25.0800000000,24.3000000000,1231665,30512889.8400,2,3.725000,1,3.209900,0
2020-07-21,sz.300752,25.3900000000,26.3800000000,25.3900000000,26.3700000000,25.0800000000,2877182,74514299.3600,2,8.701700,1,5.143500,0
2020-07-22,sz.300752,26.3000000000,26.3000000000,25.6000000000,25.8900000000,26.3700000000,1852880,48015035.8000,2,5.603800,1,-1.820300,0
2020-07-23,sz.300752,25.9000000000,25.9300000000,24.7200000000,25.4800000000,25.8900000000,1255719,31902535.3300,2,3.797800,1,-1.583600,0
2020-07-24,sz.300752,25.3100000000,25.6900000000,24.4500000000,24.4600000000,25.4800000000,1088436,27186379.4300,2,3.291900,1,-4.003100,0
2020-07-27,sz.300752,24.6000000000,24.9400000000,24.3500000000,24.6000000000,24.4600000000,669649,16457868.7000,2,2.025300,1,0.572400,0
2020-07-28,sz.300752,24.6000000000,25.1900000000,24.6000000000,25.0000000000,24.6000000000,715522,17866964.9000,2,2.164000,1,1.626000,0
2020-07-29,sz.300752,24.9900000000,25.6300000000,24.8100000000,25.5200000000,25.0000000000,791189,20042933.6800,2,2.392900,1,2.080000,0
2020-07-30,sz.300752,25.6600000000,25.7000000000,25.3000000000,25.3300000000,25.5200000000,805164,20537226.3600,2,2.435100,1,-0.744500,0
2020-07-31,sz.300752,25.4000000000,25.7600000000,25.0600000000,25.7200000000,25.3300000000,873480,22321895.2000,2,2.641700,1,1.539700,0
2020-08-03,sz.300752,25.9000000000,26.1400000000,25.7300000000,26.1000000000,25.7200000000,1371096,35683163.0400,2,4.146700,1,1.477400,0
2020-08-04,sz.300752,26.1700000000,26.2600000000,25.5400000000,25.6300000000,26.1000000000,1218150,31371177.0000,2,3.684200,1,-1.800800,0
2020-08-05,sz.300752,25.6300000000,25.8800000000,25.3900000000,25.6700000000,25.6300000000,901466,23087467.8400,2,2.726400,1,0.156100,0
2020-08-06,sz.300752,25.5600000000,25.6900000000,25.0300000000,25.4500000000,25.6700000000,1118220,28329544.6000,2,3.381900,1,-0.857000,0
2020-08-07,sz.300752,25.6000000000,25.6000000000,24.4200000000,24.7100000000,25.4500000000,1075646,26737954.3400,2,3.253200,1,-2.907700,0
2020-08-10,sz.300752,24.6800000000,25.3500000000,24.4500000000,24.9700000000,24.7100000000,623639,15563815.5200,2,1.886100,1,1.052200,0
2020-08-11,sz.300752,25.0600000000,25.0800000000,24.3000000000,24.3800000000,24.9700000000,850369,20980895.9600,2,2.571800,1,-2.362800,0
2020-08-12,sz.300752,24.5700000000,24.5700000000,23.5300000000,24.1300000000,24.3800000000,933909,22322648.2600,2,2.824500,1,-1.025400,0
2020-08-13,sz.300752,24.3500000000,24.5600000000,24.1300000000,24.2800000000,24.1300000000,487990,11881572.4000,2,1.475900,1,0.621600,0
2020-08-14,sz.300752,24.4700000000,24.8000000000,24.0200000000,24.7000000000,24.2800000000,604640,14799967.2000,2,1.828700,1,1.729800,0
2020-08-17,sz.300752,24.9800000000,25.5800000000,24.9700000000,25.4400000000,24.7000000000,1335620,33941685.4000,2,4.039400,1,2.996000,0
2020-08-18,sz.300752,25.3400000000,25.9000000000,25.0300000000,25.5500000000,25.4400000000,1279740,32482745.2200,2,3.870400,1,0.432400,0
2020-08-19,sz.300752,25.5500000000,26.9300000000,24.8800000000,26.3700000000,25.5500000000,3516630,92047281.2200,2,10.635600,1,3.209400,0
2020-08-20,sz.300752,26.7400000000,28.8800000000,26.7400000000,27.7900000000,26.3700000000,5637999,156048940.3600,2,17.051500,1,5.384900,0
2020-08-21,sz.300752,27.4900000000,27.9000000000,26.5900000000,27.1700000000,27.7900000000,3349715,91074481.9100,2,10.130800,1,-2.231000,0
2020-08-24,sz.300752,26.9000000000,26.9200000000,25.8200000000,26.3800000000,27.1700000000,1765746,46602058.5100,2,5.340300,1,-2.907600,0
